amfi_code,scheme_name,expense_ratio_pct,cagr_pct,sharpe_ratio,max_drawdown_x,cagr_rank,sharpe_rank,max_drawdown_y,max_drawdown,alpha,alpha_rank,expense_rank,drawdown_rank,fund_score
119551,SBI Bluechip Fund - Regular Plan - Growth,1.54,25.784920849464086,1.2082665673727175,-0.1501238549864533,38.5,14.5,-0.1501238549864533,-0.1501238549864533,0.141513047398082,6.5,120.5,94.5,44.0
119551,SBI Bluechip Fund - Regular Plan - Growth,1.54,25.784920849464086,1.2082665673727175,-0.1501238549864533,38.5,14.5,-0.1501238549864533,-0.1501238549864533,0.141513047398082,6.5,120.5,94.5,44.0
119551,SBI Bluechip Fund - Regular Plan - Growth,1.54,25.784920849464086,1.2082665673727175,-0.1501238549864533,38.5,14.5,-0.1501238549864533,-0.1501238549864533,0.141513047398082,6.5,120.5,94.5,44.0
119551,SBI Bluechip Fund - Regular Plan - Growth,1.54,25.784920849464086,1.2082665673727175,-0.1501238549864533,38.5,14.5,-0.1501238549864533,-0.1501238549864533,0.141513047398082,6.5,120.5,94.5,44.0
119552,SBI Bluechip Fund - Direct Plan - Growth,0.66,21.50802178549933,0.9532794968660094,-0.11803493502764295,58.5,46.5,-0.11803493502764295,-0.11803493502764295,0.061973053314971896,54.5,14.5,118.5,54.1
119552,SBI Bluechip Fund - Direct Plan - Growth,0.66,21.50802178549933,0.9532794968660094,-0.11803493502764295,58.5,46.5,-0.11803493502764295,-0.11803493502764295,0.061973053314971896,54.5,14.5,118.5,54.1
119552,SBI Bluechip Fund - Direct Plan - Growth,0.66,21.50802178549933,0.9532794968660094,-0.11803493502764295,58.5,46.5,-0.11803493502764295,-0.11803493502764295,0.061973053314971896,54.5,14.5,118.5,54.1
119552,SBI Bluechip Fund - Direct Plan - Growth,0.66,21.50802178549933,0.9532794968660094,-0.11803493502764295,58.5,46.5,-0.11803493502764295,-0.11803493502764295,0.061973053314971896,54.5,14.5,118.5,54.1
119598,SBI Small Cap Fund - Regular Plan - Growth,1.43,32.398083984645545,0.9453082575156093,-0.2870600572176455,6.5,54.5,-0.2870600572176455,-0.2870600572176455,-0.088127219516864,122.5,82.5,18.5,54.300000000000004
119598,SBI Small Cap Fund - Regular Plan - Growth,1.43,32.398083984645545,0.9453082575156093,-0.2870600572176455,6.5,54.5,-0.2870600572176455,-0.2870600572176455,-0.088127219516864,122.5,82.5,18.5,54.300000000000004
119598,SBI Small Cap Fund - Regular Plan - Growth,1.43,32.398083984645545,0.9453082575156093,-0.2870600572176455,6.5,54.5,-0.2870600572176455,-0.2870600572176455,-0.088127219516864,122.5,82.5,18.5,54.300000000000004
119598,SBI Small Cap Fund - Regular Plan - Growth,1.43,32.398083984645545,0.9453082575156093,-0.2870600572176455,6.5,54.5,-0.2870600572176455,-0.2870600572176455,-0.088127219516864,122.5,82.5,18.5,54.300000000000004
119599,SBI Small Cap Fund - Direct Plan - Growth,0.72,2.053064146209893,-0.057186625828179925,-0.5257422117012851,150.5,126.5,-0.5257422117012851,-0.5257422117012851,-0.27362422338435144,150.5,20.5,2.5,110.2
119599,SBI Small Cap Fund - Direct Plan - Growth,0.72,2.053064146209893,-0.057186625828179925,-0.5257422117012851,150.5,126.5,-0.5257422117012851,-0.5257422117012851,-0.27362422338435144,150.5,20.5,2.5,110.2
119599,SBI Small Cap Fund - Direct Plan - Growth,0.72,2.053064146209893,-0.057186625828179925,-0.5257422117012851,150.5,126.5,-0.5257422117012851,-0.5257422117012851,-0.27362422338435144,150.5,20.5,2.5,110.2
119599,SBI Small Cap Fund - Direct Plan - Growth,0.72,2.053064146209893,-0.057186625828179925,-0.5257422117012851,150.5,126.5,-0.5257422117012851,-0.5257422117012851,-0.27362422338435144,150.5,20.5,2.5,110.2
119120,SBI Magnum Gilt Fund - Regular Plan - Growth,0.77,5.885271270380055,-0.22657538662791585,-0.04328728923970093,134.5,146.5,-0.04328728923970093,-0.04328728923970093,0.042514540614625444,74.5,34.5,142.5,111.3
119120,SBI Magnum Gilt Fund - Regular Plan - Growth,0.77,5.885271270380055,-0.22657538662791585,-0.04328728923970093,134.5,146.5,-0.04328728923970093,-0.04328728923970093,0.042514540614625444,74.5,34.5,142.5,111.3
119120,SBI Magnum Gilt Fund - Regular Plan - Growth,0.77,5.885271270380055,-0.22657538662791585,-0.04328728923970093,134.5,146.5,-0.04328728923970093,-0.04328728923970093,0.042514540614625444,74.5,34.5,142.5,111.3
119120,SBI Magnum Gilt Fund - Regular Plan - Growth,0.77,5.885271270380055,-0.22657538662791585,-0.04328728923970093,134.5,146.5,-0.04328728923970093,-0.04328728923970093,0.042514540614625444,74.5,34.5,142.5,111.3
100016,HDFC Top 100 Fund - Regular Plan - Growth,1.55,2.6352458116335464,-0.20151706755966942,-0.24734440880673303,146.5,138.5,-0.24734440880673303,-0.24734440880673303,-0.08969879640543658,126.5,126.5,26.5,125.49999999999999
100016,HDFC Top 100 Fund - Regular Plan - Growth,1.55,2.6352458116335464,-0.20151706755966942,-0.24734440880673303,146.5,138.5,-0.24734440880673303,-0.24734440880673303,-0.08969879640543658,126.5,126.5,26.5,125.49999999999999
100016,HDFC Top 100 Fund - Regular Plan - Growth,1.55,2.6352458116335464,-0.20151706755966942,-0.24734440880673303,146.5,138.5,-0.24734440880673303,-0.24734440880673303,-0.08969879640543658,126.5,126.5,26.5,125.49999999999999
100016,HDFC Top 100 Fund - Regular Plan - Growth,1.55,2.6352458116335464,-0.20151706755966942,-0.24734440880673303,146.5,138.5,-0.24734440880673303,-0.24734440880673303,-0.08969879640543658,126.5,126.5,26.5,125.49999999999999
125497,HDFC Top 100 Fund - Direct Plan - Growth,0.92,19.003613208378557,0.775790249821121,-0.15200013055606398,62.5,70.5,-0.15200013055606398,-0.15200013055606398,0.03371692785650568,82.5,54.5,90.5,70.1
125497,HDFC Top 100 Fund - Direct Plan - Growth,0.92,19.003613208378557,0.775790249821121,-0.15200013055606398,62.5,70.5,-0.15200013055606398,-0.15200013055606398,0.03371692785650568,82.5,54.5,90.5,70.1
125497,HDFC Top 100 Fund - Direct Plan - Growth,0.92,19.003613208378557,0.775790249821121,-0.15200013055606398,62.5,70.5,-0.15200013055606398,-0.15200013055606398,0.03371692785650568,82.5,54.5,90.5,70.1
125497,HDFC Top 100 Fund - Direct Plan - Growth,0.92,19.003613208378557,0.775790249821121,-0.15200013055606398,62.5,70.5,-0.15200013055606398,-0.15200013055606398,0.03371692785650568,82.5,54.5,90.5,70.1
100033,HDFC Mid-Cap Opportunities Fund - Regular - Growth,1.38,30.099703552874523,1.0936987435346315,-0.16217208574644848,26.5,26.5,-0.16217208574644848,-0.16217208574644848,0.11442300096849987,14.5,66.5,82.5,35.7
100033,HDFC Mid-Cap Opportunities Fund - Regular - Growth,1.38,30.099703552874523,1.0936987435346315,-0.16217208574644848,26.5,26.5,-0.16217208574644848,-0.16217208574644848,0.11442300096849987,14.5,66.5,82.5,35.7
100033,HDFC Mid-Cap Opportunities Fund - Regular - Growth,1.38,30.099703552874523,1.0936987435346315,-0.16217208574644848,26.5,26.5,-0.16217208574644848,-0.16217208574644848,0.11442300096849987,14.5,66.5,82.5,35.7
100033,HDFC Mid-Cap Opportunities Fund - Regular - Growth,1.38,30.099703552874523,1.0936987435346315,-0.16217208574644848,26.5,26.5,-0.16217208574644848,-0.16217208574644848,0.11442300096849987,14.5,66.5,82.5,35.7
125498,HDFC Mid-Cap Opportunities Fund - Direct - Growth,0.78,11.293660210400969,0.30061192104254764,-0.21117279560132118,102.5,106.5,-0.21117279560132118,-0.21117279560132118,-0.09849952597540393,134.5,38.5,46.5,94.70000000000002
125498,HDFC Mid-Cap Opportunities Fund - Direct - Growth,0.78,11.293660210400969,0.30061192104254764,-0.21117279560132118,102.5,106.5,-0.21117279560132118,-0.21117279560132118,-0.09849952597540393,134.5,38.5,46.5,94.70000000000002
125498,HDFC Mid-Cap Opportunities Fund - Direct - Growth,0.78,11.293660210400969,0.30061192104254764,-0.21117279560132118,102.5,106.5,-0.21117279560132118,-0.21117279560132118,-0.09849952597540393,134.5,38.5,46.5,94.70000000000002
125498,HDFC Mid-Cap Opportunities Fund - Direct - Growth,0.78,11.293660210400969,0.30061192104254764,-0.21117279560132118,102.5,106.5,-0.21117279560132118,-0.21117279560132118,-0.09849952597540393,134.5,38.5,46.5,94.70000000000002
100025,HDFC Short Term Debt Fund - Regular - Growth,0.56,4.455091155784441,-0.5670947928476845,-0.04308263824636349,142.5,154.5,-0.04308263824636349,-0.04308263824636349,0.03319866074294831,86.5,6.5,146.5,114.3
100025,HDFC Short Term Debt Fund - Regular - Growth,0.56,4.455091155784441,-0.5670947928476845,-0.04308263824636349,142.5,154.5,-0.04308263824636349,-0.04308263824636349,0.03319866074294831,86.5,6.5,146.5,114.3
100025,HDFC Short Term Debt Fund - Regular - Growth,0.56,4.455091155784441,-0.5670947928476845,-0.04308263824636349,142.5,154.5,-0.04308263824636349,-0.04308263824636349,0.03319866074294831,86.5,6.5,146.5,114.3
100025,HDFC Short Term Debt Fund - Regular - Growth,0.56,4.455091155784441,-0.5670947928476845,-0.04308263824636349,142.5,154.5,-0.04308263824636349,-0.04308263824636349,0.03319866074294831,86.5,6.5,146.5,114.3
120503,ICICI Pru Bluechip Fund - Regular - Growth,1.42,18.771330105513616,0.7979728586052853,-0.13897862823061635,66.5,66.5,-0.13897862823061635,-0.13897862823061635,0.02872893588603788,90.5,78.5,106.5,77.10000000000001
120503,ICICI Pru Bluechip Fund - Regular - Growth,1.42,18.771330105513616,0.7979728586052853,-0.13897862823061635,66.5,66.5,-0.13897862823061635,-0.13897862823061635,0.02872893588603788,90.5,78.5,106.5,77.10000000000001
120503,ICICI Pru Bluechip Fund - Regular - Growth,1.42,18.771330105513616,0.7979728586052853,-0.13897862823061635,66.5,66.5,-0.13897862823061635,-0.13897862823061635,0.02872893588603788,90.5,78.5,106.5,77.10000000000001
120503,ICICI Pru Bluechip Fund - Regular - Growth,1.42,18.771330105513616,0.7979728586052853,-0.13897862823061635,66.5,66.5,-0.13897862823061635,-0.13897862823061635,0.02872893588603788,90.5,78.5,106.5,77.10000000000001
120504,ICICI Pru Bluechip Fund - Direct - Growth,0.8,23.277447532730513,1.0265242847992997,-0.12588275606922517,50.5,38.5,-0.12588275606922517,-0.12588275606922517,0.11599437019255482,10.5,46.5,114.5,45.300000000000004
120504,ICICI Pru Bluechip Fund - Direct - Growth,0.8,23.277447532730513,1.0265242847992997,-0.12588275606922517,50.5,38.5,-0.12588275606922517,-0.12588275606922517,0.11599437019255482,10.5,46.5,114.5,45.300000000000004
120504,ICICI Pru Bluechip Fund - Direct - Growth,0.8,23.277447532730513,1.0265242847992997,-0.12588275606922517,50.5,38.5,-0.12588275606922517,-0.12588275606922517,0.11599437019255482,10.5,46.5,114.5,45.300000000000004
120504,ICICI Pru Bluechip Fund - Direct - Growth,0.8,23.277447532730513,1.0265242847992997,-0.12588275606922517,50.5,38.5,-0.12588275606922517,-0.12588275606922517,0.11599437019255482,10.5,46.5,114.5,45.300000000000004
120505,ICICI Pru Midcap Fund - Regular - Growth,1.36,32.801599480386166,1.1801011976606492,-0.18188513572116294,2.5,18.5,-0.18188513572116294,-0.18188513572116294,0.10264725537819638,18.5,58.5,62.5,24.1
120505,ICICI Pru Midcap Fund - Regular - Growth,1.36,32.801599480386166,1.1801011976606492,-0.18188513572116294,2.5,18.5,-0.18188513572116294,-0.18188513572116294,0.10264725537819638,18.5,58.5,62.5,24.1
120505,ICICI Pru Midcap Fund - Regular - Growth,1.36,32.801599480386166,1.1801011976606492,-0.18188513572116294,2.5,18.5,-0.18188513572116294,-0.18188513572116294,0.10264725537819638,18.5,58.5,62.5,24.1
120505,ICICI Pru Midcap Fund - Regular - Growth,1.36,32.801599480386166,1.1801011976606492,-0.18188513572116294,2.5,18.5,-0.18188513572116294,-0.18188513572116294,0.10264725537819638,18.5,58.5,62.5,24.1
120506,ICICI Pru Value Discovery Fund - Regular - Growth,1.41,17.072227512921923,0.6488787755249537,-0.1982565826298267,74.5,78.5,-0.1982565826298267,-0.1982565826298267,0.018469334050126286,102.5,74.5,54.5,79.1
120506,ICICI Pru Value Discovery Fund - Regular - Growth,1.41,17.072227512921923,0.6488787755249537,-0.1982565826298267,74.5,78.5,-0.1982565826298267,-0.1982565826298267,0.018469334050126286,102.5,74.5,54.5,79.1
120506,ICICI Pru Value Discovery Fund - Regular - Growth,1.41,17.072227512921923,0.6488787755249537,-0.1982565826298267,74.5,78.5,-0.1982565826298267,-0.1982565826298267,0.018469334050126286,102.5,74.5,54.5,79.1
120506,ICICI Pru Value Discovery Fund - Regular - Growth,1.41,17.072227512921923,0.6488787755249537,-0.1982565826298267,74.5,78.5,-0.1982565826298267,-0.1982565826298267,0.018469334050126286,102.5,74.5,54.5,79.1
120507,ICICI Pru Liquid Fund - Regular - Growth,0.74,7.232410932344591,0.49572339295331247,-0.0009773140045925555,114.5,90.5,-0.0009773140045925555,-0.0009773140045925555,0.06836000378313713,46.5,26.5,158.5,86.1
120507,ICICI Pru Liquid Fund - Regular - Growth,0.74,7.232410932344591,0.49572339295331247,-0.0009773140045925555,114.5,90.5,-0.0009773140045925555,-0.0009773140045925555,0.06836000378313713,46.5,26.5,158.5,86.1
120507,ICICI Pru Liquid Fund - Regular - Growth,0.74,7.232410932344591,0.49572339295331247,-0.0009773140045925555,114.5,90.5,-0.0009773140045925555,-0.0009773140045925555,0.06836000378313713,46.5,26.5,158.5,86.1
120507,ICICI Pru Liquid Fund - Regular - Growth,0.74,7.232410932344591,0.49572339295331247,-0.0009773140045925555,114.5,90.5,-0.0009773140045925555,-0.0009773140045925555,0.06836000378313713,46.5,26.5,158.5,86.1
118632,Nippon India Large Cap Fund - Regular - Growth,1.51,24.03119561352478,1.0816591793457035,-0.17414075086657232,42.5,30.5,-0.17414075086657232,-0.17414075086657232,0.057106039669331844,62.5,96.5,70.5,54.400000000000006
118632,Nippon India Large Cap Fund - Regular - Growth,1.51,24.03119561352478,1.0816591793457035,-0.17414075086657232,42.5,30.5,-0.17414075086657232,-0.17414075086657232,0.057106039669331844,62.5,96.5,70.5,54.400000000000006
118632,Nippon India Large Cap Fund - Regular - Growth,1.51,24.03119561352478,1.0816591793457035,-0.17414075086657232,42.5,30.5,-0.17414075086657232,-0.17414075086657232,0.057106039669331844,62.5,96.5,70.5,54.400000000000006
118632,Nippon India Large Cap Fund - Regular - Growth,1.51,24.03119561352478,1.0816591793457035,-0.17414075086657232,42.5,30.5,-0.17414075086657232,-0.17414075086657232,0.057106039669331844,62.5,96.5,70.5,54.400000000000006
118633,Nippon India Large Cap Fund - Direct - Growth,0.72,16.262218000296524,0.6452074382933211,-0.18629743138595511,86.5,82.5,-0.18629743138595511,-0.18629743138595511,0.04422646866006812,70.5,20.5,58.5,69.60000000000001
118633,Nippon India Large Cap Fund - Direct - Growth,0.72,16.262218000296524,0.6452074382933211,-0.18629743138595511,86.5,82.5,-0.18629743138595511,-0.18629743138595511,0.04422646866006812,70.5,20.5,58.5,69.60000000000001
118633,Nippon India Large Cap Fund - Direct - Growth,0.72,16.262218000296524,0.6452074382933211,-0.18629743138595511,86.5,82.5,-0.18629743138595511,-0.18629743138595511,0.04422646866006812,70.5,20.5,58.5,69.60000000000001
118633,Nippon India Large Cap Fund - Direct - Growth,0.72,16.262218000296524,0.6452074382933211,-0.18629743138595511,86.5,82.5,-0.18629743138595511,-0.18629743138595511,0.04422646866006812,70.5,20.5,58.5,69.60000000000001
118634,Nippon India Small Cap Fund - Regular - Growth,1.53,16.36139647659338,0.4484340089089914,-0.2334488614483311,82.5,102.5,-0.2334488614483311,-0.2334488614483311,-0.17834516605752646,146.5,112.5,34.5,100.0
118634,Nippon India Small Cap Fund - Regular - Growth,1.53,16.36139647659338,0.4484340089089914,-0.2334488614483311,82.5,102.5,-0.2334488614483311,-0.2334488614483311,-0.17834516605752646,146.5,112.5,34.5,100.0
118634,Nippon India Small Cap Fund - Regular - Growth,1.53,16.36139647659338,0.4484340089089914,-0.2334488614483311,82.5,102.5,-0.2334488614483311,-0.2334488614483311,-0.17834516605752646,146.5,112.5,34.5,100.0
118634,Nippon India Small Cap Fund - Regular - Growth,1.53,16.36139647659338,0.4484340089089914,-0.2334488614483311,82.5,102.5,-0.2334488614483311,-0.2334488614483311,-0.17834516605752646,146.5,112.5,34.5,100.0
118635,Nippon India ETF Nifty 50 BeES,0.89,15.94548118508252,0.6648569985490616,-0.11511457598975516,90.5,74.5,-0.11511457598975516,-0.11511457598975516,0.05179487547677494,66.5,50.5,122.5,78.9
118635,Nippon India ETF Nifty 50 BeES,0.89,15.94548118508252,0.6648569985490616,-0.11511457598975516,90.5,74.5,-0.11511457598975516,-0.11511457598975516,0.05179487547677494,66.5,50.5,122.5,78.9
118635,Nippon India ETF Nifty 50 BeES,0.89,15.94548118508252,0.6648569985490616,-0.11511457598975516,90.5,74.5,-0.11511457598975516,-0.11511457598975516,0.05179487547677494,66.5,50.5,122.5,78.9
118635,Nippon India ETF Nifty 50 BeES,0.89,15.94548118508252,0.6648569985490616,-0.11511457598975516,90.5,74.5,-0.11511457598975516,-0.11511457598975516,0.05179487547677494,66.5,50.5,122.5,78.9
118636,Nippon India Gilt Securities Fund - Regular - Growth,0.55,5.313155402760827,-0.3566295075143679,-0.08316361763638702,138.5,150.5,-0.08316361763638702,-0.08316361763638702,0.034952421258229595,78.5,2.5,138.5,109.1
118636,Nippon India Gilt Securities Fund - Regular - Growth,0.55,5.313155402760827,-0.3566295075143679,-0.08316361763638702,138.5,150.5,-0.08316361763638702,-0.08316361763638702,0.034952421258229595,78.5,2.5,138.5,109.1
118636,Nippon India Gilt Securities Fund - Regular - Growth,0.55,5.313155402760827,-0.3566295075143679,-0.08316361763638702,138.5,150.5,-0.08316361763638702,-0.08316361763638702,0.034952421258229595,78.5,2.5,138.5,109.1
118636,Nippon India Gilt Securities Fund - Regular - Growth,0.55,5.313155402760827,-0.3566295075143679,-0.08316361763638702,138.5,150.5,-0.08316361763638702,-0.08316361763638702,0.034952421258229595,78.5,2.5,138.5,109.1
120841,Kotak Bluechip Fund - Regular - Growth,1.59,13.522349085511554,0.4942725378672353,-0.1757361416468729,94.5,94.5,-0.1757361416468729,-0.1757361416468729,0.020996230009682357,98.5,138.5,66.5,99.1
120841,Kotak Bluechip Fund - Regular - Growth,1.59,13.522349085511554,0.4942725378672353,-0.1757361416468729,94.5,94.5,-0.1757361416468729,-0.1757361416468729,0.020996230009682357,98.5,138.5,66.5,99.1
120841,Kotak Bluechip Fund - Regular - Growth,1.59,13.522349085511554,0.4942725378672353,-0.1757361416468729,94.5,94.5,-0.1757361416468729,-0.1757361416468729,0.020996230009682357,98.5,138.5,66.5,99.1
120841,Kotak Bluechip Fund - Regular - Growth,1.59,13.522349085511554,0.4942725378672353,-0.1757361416468729,94.5,94.5,-0.1757361416468729,-0.1757361416468729,0.020996230009682357,98.5,138.5,66.5,99.1
120842,Kotak Emerging Equity Fund - Regular - Growth,1.56,6.696806255006482,0.07599984804658923,-0.24003511326274884,122.5,118.5,-0.24003511326274884,-0.24003511326274884,-0.09246402314999566,130.5,130.5,30.5,115.1
120842,Kotak Emerging Equity Fund - Regular - Growth,1.56,6.696806255006482,0.07599984804658923,-0.24003511326274884,122.5,118.5,-0.24003511326274884,-0.24003511326274884,-0.09246402314999566,130.5,130.5,30.5,115.1
120842,Kotak Emerging Equity Fund - Regular - Growth,1.56,6.696806255006482,0.07599984804658923,-0.24003511326274884,122.5,118.5,-0.24003511326274884,-0.24003511326274884,-0.09246402314999566,130.5,130.5,30.5,115.1
120842,Kotak Emerging Equity Fund - Regular - Growth,1.56,6.696806255006482,0.07599984804658923,-0.24003511326274884,122.5,118.5,-0.24003511326274884,-0.24003511326274884,-0.09246402314999566,130.5,130.5,30.5,115.1
120843,Kotak Flexicap Fund - Regular - Growth,1.45,30.883325525154603,1.3067439695428409,-0.1297396816518679,22.5,6.5,-0.1297396816518679,-0.1297396816518679,0.10264488235821498,22.5,86.5,110.5,36.900000000000006
120843,Kotak Flexicap Fund - Regular - Growth,1.45,30.883325525154603,1.3067439695428409,-0.1297396816518679,22.5,6.5,-0.1297396816518679,-0.1297396816518679,0.10264488235821498,22.5,86.5,110.5,36.900000000000006
120843,Kotak Flexicap Fund - Regular - Growth,1.45,30.883325525154603,1.3067439695428409,-0.1297396816518679,22.5,6.5,-0.1297396816518679,-0.1297396816518679,0.10264488235821498,22.5,86.5,110.5,36.900000000000006
120843,Kotak Flexicap Fund - Regular - Growth,1.45,30.883325525154603,1.3067439695428409,-0.1297396816518679,22.5,6.5,-0.1297396816518679,-0.1297396816518679,0.10264488235821498,22.5,86.5,110.5,36.900000000000006
120844,Kotak Liquid Fund - Regular - Growth,0.6,6.91037983940288,-0.08874729621557284,-0.0011629327956168556,118.5,134.5,-0.0011629327956168556,-0.0011629327956168556,0.06624144385499518,50.5,10.5,154.5,96.30000000000001
120844,Kotak Liquid Fund - Regular - Growth,0.6,6.91037983940288,-0.08874729621557284,-0.0011629327956168556,118.5,134.5,-0.0011629327956168556,-0.0011629327956168556,0.06624144385499518,50.5,10.5,154.5,96.30000000000001
120844,Kotak Liquid Fund - Regular - Growth,0.6,6.91037983940288,-0.08874729621557284,-0.0011629327956168556,118.5,134.5,-0.0011629327956168556,-0.0011629327956168556,0.06624144385499518,50.5,10.5,154.5,96.30000000000001
120844,Kotak Liquid Fund - Regular - Growth,0.6,6.91037983940288,-0.08874729621557284,-0.0011629327956168556,118.5,134.5,-0.0011629327956168556,-0.0011629327956168556,0.06624144385499518,50.5,10.5,154.5,96.30000000000001
119092,Axis Bluechip Fund - Regular - Growth,1.64,6.363494757718979,0.030784850954585923,-0.1440161790933726,130.5,122.5,-0.1440161790933726,-0.1440161790933726,-0.11501872716299388,138.5,156.5,98.5,130.8
119092,Axis Bluechip Fund - Regular - Growth,1.64,6.363494757718979,0.030784850954585923,-0.1440161790933726,130.5,122.5,-0.1440161790933726,-0.1440161790933726,-0.11501872716299388,138.5,156.5,98.5,130.8
119092,Axis Bluechip Fund - Regular - Growth,1.64,6.363494757718979,0.030784850954585923,-0.1440161790933726,130.5,122.5,-0.1440161790933726,-0.1440161790933726,-0.11501872716299388,138.5,156.5,98.5,130.8
119092,Axis Bluechip Fund - Regular - Growth,1.64,6.363494757718979,0.030784850954585923,-0.1440161790933726,130.5,122.5,-0.1440161790933726,-0.1440161790933726,-0.11501872716299388,138.5,156.5,98.5,130.8
119093,Axis Bluechip Fund - Direct - Growth,0.75,7.891944369437343,0.1296144979566932,-0.21751396370148224,110.5,114.5,-0.21751396370148224,-0.21751396370148224,-0.07811528136608585,118.5,30.5,38.5,93.89999999999999
119093,Axis Bluechip Fund - Direct - Growth,0.75,7.891944369437343,0.1296144979566932,-0.21751396370148224,110.5,114.5,-0.21751396370148224,-0.21751396370148224,-0.07811528136608585,118.5,30.5,38.5,93.89999999999999
119093,Axis Bluechip Fund - Direct - Growth,0.75,7.891944369437343,0.1296144979566932,-0.21751396370148224,110.5,114.5,-0.21751396370148224,-0.21751396370148224,-0.07811528136608585,118.5,30.5,38.5,93.89999999999999
119093,Axis Bluechip Fund - Direct - Growth,0.75,7.891944369437343,0.1296144979566932,-0.21751396370148224,110.5,114.5,-0.21751396370148224,-0.21751396370148224,-0.07811528136608585,118.5,30.5,38.5,93.89999999999999
119094,Axis Midcap Fund - Regular - Growth,1.38,28.192608222062464,0.9982309868636414,-0.20960883862039192,34.5,42.5,-0.20960883862039192,-0.20960883862039192,0.0168672309627212,106.5,66.5,50.5,57.30000000000001
119094,Axis Midcap Fund - Regular - Growth,1.38,28.192608222062464,0.9982309868636414,-0.20960883862039192,34.5,42.5,-0.20960883862039192,-0.20960883862039192,0.0168672309627212,106.5,66.5,50.5,57.30000000000001
119094,Axis Midcap Fund - Regular - Growth,1.38,28.192608222062464,0.9982309868636414,-0.20960883862039192,34.5,42.5,-0.20960883862039192,-0.20960883862039192,0.0168672309627212,106.5,66.5,50.5,57.30000000000001
119094,Axis Midcap Fund - Regular - Growth,1.38,28.192608222062464,0.9982309868636414,-0.20960883862039192,34.5,42.5,-0.20960883862039192,-0.20960883862039192,0.0168672309627212,106.5,66.5,50.5,57.30000000000001
119095,Axis Small Cap Fund - Regular - Growth,1.38,1.5204552427132478,-0.07597357117478916,-0.5167775370852656,154.5,130.5,-0.5167775370852656,-0.5167775370852656,-0.3056243461244474,154.5,66.5,6.5,120.5
119095,Axis Small Cap Fund - Regular - Growth,1.38,1.5204552427132478,-0.07597357117478916,-0.5167775370852656,154.5,130.5,-0.5167775370852656,-0.5167775370852656,-0.3056243461244474,154.5,66.5,6.5,120.5
119095,Axis Small Cap Fund - Regular - Growth,1.38,1.5204552427132478,-0.07597357117478916,-0.5167775370852656,154.5,130.5,-0.5167775370852656,-0.5167775370852656,-0.3056243461244474,154.5,66.5,6.5,120.5
119095,Axis Small Cap Fund - Regular - Growth,1.38,1.5204552427132478,-0.07597357117478916,-0.5167775370852656,154.5,130.5,-0.5167775370852656,-0.5167775370852656,-0.3056243461244474,154.5,66.5,6.5,120.5
101206,ABSL Frontline Equity Fund - Regular - Growth,1.6,23.520488754230385,1.0272133278753697,-0.11291596329323073,46.5,34.5,-0.11291596329323073,-0.11291596329323073,0.09744276980996129,26.5,144.5,126.5,62.199999999999996
101206,ABSL Frontline Equity Fund - Regular - Growth,1.6,23.520488754230385,1.0272133278753697,-0.11291596329323073,46.5,34.5,-0.11291596329323073,-0.11291596329323073,0.09744276980996129,26.5,144.5,126.5,62.199999999999996
101206,ABSL Frontline Equity Fund - Regular - Growth,1.6,23.520488754230385,1.0272133278753697,-0.11291596329323073,46.5,34.5,-0.11291596329323073,-0.11291596329323073,0.09744276980996129,26.5,144.5,126.5,62.199999999999996
101206,ABSL Frontline Equity Fund - Regular - Growth,1.6,23.520488754230385,1.0272133278753697,-0.11291596329323073,46.5,34.5,-0.11291596329323073,-0.11291596329323073,0.09744276980996129,26.5,144.5,126.5,62.199999999999996
101207,ABSL Small Cap Fund - Regular - Growth,1.53,7.933120999915699,0.1626607692864677,-0.3544691649336603,106.5,110.5,-0.3544691649336603,-0.3544691649336603,-0.35074122431691074,158.5,112.5,10.5,109.2
101207,ABSL Small Cap Fund - Regular - Growth,1.53,7.933120999915699,0.1626607692864677,-0.3544691649336603,106.5,110.5,-0.3544691649336603,-0.3544691649336603,-0.35074122431691074,158.5,112.5,10.5,109.2
101207,ABSL Small Cap Fund - Regular - Growth,1.53,7.933120999915699,0.1626607692864677,-0.3544691649336603,106.5,110.5,-0.3544691649336603,-0.3544691649336603,-0.35074122431691074,158.5,112.5,10.5,109.2
101207,ABSL Small Cap Fund - Regular - Growth,1.53,7.933120999915699,0.1626607692864677,-0.3544691649336603,106.5,110.5,-0.3544691649336603,-0.3544691649336603,-0.35074122431691074,158.5,112.5,10.5,109.2
101208,ABSL Liquid Fund - Regular - Growth,0.79,6.504429821332125,-0.8155673679088261,-0.0016224980244717857,126.5,158.5,-0.0016224980244717857,-0.0016224980244717857,0.06103184313333541,58.5,42.5,150.5,110.69999999999999
101208,ABSL Liquid Fund - Regular - Growth,0.79,6.504429821332125,-0.8155673679088261,-0.0016224980244717857,126.5,158.5,-0.0016224980244717857,-0.0016224980244717857,0.06103184313333541,58.5,42.5,150.5,110.69999999999999
101208,ABSL Liquid Fund - Regular - Growth,0.79,6.504429821332125,-0.8155673679088261,-0.0016224980244717857,126.5,158.5,-0.0016224980244717857,-0.0016224980244717857,0.06103184313333541,58.5,42.5,150.5,110.69999999999999
101208,ABSL Liquid Fund - Regular - Growth,0.79,6.504429821332125,-0.8155673679088261,-0.0016224980244717857,126.5,158.5,-0.0016224980244717857,-0.0016224980244717857,0.06103184313333541,58.5,42.5,150.5,110.69999999999999
102885,UTI Nifty 50 Index Fund - Regular - Growth,1.57,18.218826089343754,0.8170993373494365,-0.1085986215250232,70.5,62.5,-0.1085986215250232,-0.1085986215250232,0.07188210134066059,42.5,134.5,134.5,78.9
102885,UTI Nifty 50 Index Fund - Regular - Growth,1.57,18.218826089343754,0.8170993373494365,-0.1085986215250232,70.5,62.5,-0.1085986215250232,-0.1085986215250232,0.07188210134066059,42.5,134.5,134.5,78.9
102885,UTI Nifty 50 Index Fund - Regular - Growth,1.57,18.218826089343754,0.8170993373494365,-0.1085986215250232,70.5,62.5,-0.1085986215250232,-0.1085986215250232,0.07188210134066059,42.5,134.5,134.5,78.9
102885,UTI Nifty 50 Index Fund - Regular - Growth,1.57,18.218826089343754,0.8170993373494365,-0.1085986215250232,70.5,62.5,-0.1085986215250232,-0.1085986215250232,0.07188210134066059,42.5,134.5,134.5,78.9
102886,UTI Mid Cap Fund - Regular - Growth,1.51,1.17093879842316,-0.2058316078547032,-0.2800112356639287,158.5,142.5,-0.2800112356639287,-0.2800112356639287,-0.11567844822497166,142.5,96.5,22.5,128.39999999999998
102886,UTI Mid Cap Fund - Regular - Growth,1.51,1.17093879842316,-0.2058316078547032,-0.2800112356639287,158.5,142.5,-0.2800112356639287,-0.2800112356639287,-0.11567844822497166,142.5,96.5,22.5,128.39999999999998
102886,UTI Mid Cap Fund - Regular - Growth,1.51,1.17093879842316,-0.2058316078547032,-0.2800112356639287,158.5,142.5,-0.2800112356639287,-0.2800112356639287,-0.11567844822497166,142.5,96.5,22.5,128.39999999999998
102886,UTI Mid Cap Fund - Regular - Growth,1.51,1.17093879842316,-0.2058316078547032,-0.2800112356639287,158.5,142.5,-0.2800112356639287,-0.2800112356639287,-0.11567844822497166,142.5,96.5,22.5,128.39999999999998
102887,UTI Flexi Cap Fund - Regular - Growth,1.64,16.828673461948984,0.6195175900829826,-0.21285398874796857,78.5,86.5,-0.21285398874796857,-0.21285398874796857,0.02454656342779441,94.5,156.5,42.5,91.8
102887,UTI Flexi Cap Fund - Regular - Growth,1.64,16.828673461948984,0.6195175900829826,-0.21285398874796857,78.5,86.5,-0.21285398874796857,-0.21285398874796857,0.02454656342779441,94.5,156.5,42.5,91.8
102887,UTI Flexi Cap Fund - Regular - Growth,1.64,16.828673461948984,0.6195175900829826,-0.21285398874796857,78.5,86.5,-0.21285398874796857,-0.21285398874796857,0.02454656342779441,94.5,156.5,42.5,91.8
102887,UTI Flexi Cap Fund - Regular - Growth,1.64,16.828673461948984,0.6195175900829826,-0.21285398874796857,78.5,86.5,-0.21285398874796857,-0.21285398874796857,0.02454656342779441,94.5,156.5,42.5,91.8
148567,Mirae Asset Large Cap Fund - Regular - Growth,1.46,30.949920362874206,1.4482911703262595,-0.11265729075028275,18.5,2.5,-0.11265729075028275,-0.11265729075028275,0.18196793619353316,2.5,90.5,130.5,33.3
148567,Mirae Asset Large Cap Fund - Regular - Growth,1.46,30.949920362874206,1.4482911703262595,-0.11265729075028275,18.5,2.5,-0.11265729075028275,-0.11265729075028275,0.18196793619353316,2.5,90.5,130.5,33.3
148567,Mirae Asset Large Cap Fund - Regular - Growth,1.46,30.949920362874206,1.4482911703262595,-0.11265729075028275,18.5,2.5,-0.11265729075028275,-0.11265729075028275,0.18196793619353316,2.5,90.5,130.5,33.3
148567,Mirae Asset Large Cap Fund - Regular - Growth,1.46,30.949920362874206,1.4482911703262595,-0.11265729075028275,18.5,2.5,-0.11265729075028275,-0.11265729075028275,0.18196793619353316,2.5,90.5,130.5,33.3
148568,Mirae Asset Emerging Bluechip Fund - Regular - Growth,1.52,22.499840384352243,0.9262873467360144,-0.1527259422823477,54.5,58.5,-0.1527259422823477,-0.1527259422823477,0.07904245498406476,38.5,104.5,86.5,62.99999999999999
148568,Mirae Asset Emerging Bluechip Fund - Regular - Growth,1.52,22.499840384352243,0.9262873467360144,-0.1527259422823477,54.5,58.5,-0.1527259422823477,-0.1527259422823477,0.07904245498406476,38.5,104.5,86.5,62.99999999999999
148568,Mirae Asset Emerging Bluechip Fund - Regular - Growth,1.52,22.499840384352243,0.9262873467360144,-0.1527259422823477,54.5,58.5,-0.1527259422823477,-0.1527259422823477,0.07904245498406476,38.5,104.5,86.5,62.99999999999999
148568,Mirae Asset Emerging Bluechip Fund - Regular - Growth,1.52,22.499840384352243,0.9262873467360144,-0.1527259422823477,54.5,58.5,-0.1527259422823477,-0.1527259422823477,0.07904245498406476,38.5,104.5,86.5,62.99999999999999
148569,Mirae Asset Tax Saver Fund - Regular - Growth,1.6,31.924485848158724,1.2349300257743294,-0.1639674294693263,14.5,10.5,-0.1639674294693263,-0.1639674294693263,0.09647297419056054,30.5,144.5,78.5,42.6
148569,Mirae Asset Tax Saver Fund - Regular - Growth,1.6,31.924485848158724,1.2349300257743294,-0.1639674294693263,14.5,10.5,-0.1639674294693263,-0.1639674294693263,0.09647297419056054,30.5,144.5,78.5,42.6
148569,Mirae Asset Tax Saver Fund - Regular - Growth,1.6,31.924485848158724,1.2349300257743294,-0.1639674294693263,14.5,10.5,-0.1639674294693263,-0.1639674294693263,0.09647297419056054,30.5,144.5,78.5,42.6
148569,Mirae Asset Tax Saver Fund - Regular - Growth,1.6,31.924485848158724,1.2349300257743294,-0.1639674294693263,14.5,10.5,-0.1639674294693263,-0.1639674294693263,0.09647297419056054,30.5,144.5,78.5,42.6
149322,DSP Top 100 Equity Fund - Regular - Growth,1.54,13.383520958789363,0.46403744922047724,-0.14111986534883125,98.5,98.5,-0.14111986534883125,-0.14111986534883125,-0.019263725813704502,110.5,120.5,102.5,104.60000000000001
149322,DSP Top 100 Equity Fund - Regular - Growth,1.54,13.383520958789363,0.46403744922047724,-0.14111986534883125,98.5,98.5,-0.14111986534883125,-0.14111986534883125,-0.019263725813704502,110.5,120.5,102.5,104.60000000000001
149322,DSP Top 100 Equity Fund - Regular - Growth,1.54,13.383520958789363,0.46403744922047724,-0.14111986534883125,98.5,98.5,-0.14111986534883125,-0.14111986534883125,-0.019263725813704502,110.5,120.5,102.5,104.60000000000001
149322,DSP Top 100 Equity Fund - Regular - Growth,1.54,13.383520958789363,0.46403744922047724,-0.14111986534883125,98.5,98.5,-0.14111986534883125,-0.14111986534883125,-0.019263725813704502,110.5,120.5,102.5,104.60000000000001
149323,DSP Midcap Fund - Regular - Growth,1.61,29.558105232568344,1.132121852474724,-0.17248105753451382,30.5,22.5,-0.17248105753451382,-0.17248105753451382,0.08772338760612486,34.5,150.5,74.5,51.7
149323,DSP Midcap Fund - Regular - Growth,1.61,29.558105232568344,1.132121852474724,-0.17248105753451382,30.5,22.5,-0.17248105753451382,-0.17248105753451382,0.08772338760612486,34.5,150.5,74.5,51.7
149323,DSP Midcap Fund - Regular - Growth,1.61,29.558105232568344,1.132121852474724,-0.17248105753451382,30.5,22.5,-0.17248105753451382,-0.17248105753451382,0.08772338760612486,34.5,150.5,74.5,51.7
149323,DSP Midcap Fund - Regular - Growth,1.61,29.558105232568344,1.132121852474724,-0.17248105753451382,30.5,22.5,-0.17248105753451382,-0.17248105753451382,0.08772338760612486,34.5,150.5,74.5,51.7
149324,DSP Small Cap Fund - Regular - Growth,1.52,32.262107528416564,0.9497958246616028,-0.31171900300634214,10.5,50.5,-0.31171900300634214,-0.31171900300634214,-0.051278045623042695,114.5,104.5,14.5,55.800000000000004
149324,DSP Small Cap Fund - Regular - Growth,1.52,32.262107528416564,0.9497958246616028,-0.31171900300634214,10.5,50.5,-0.31171900300634214,-0.31171900300634214,-0.051278045623042695,114.5,104.5,14.5,55.800000000000004
149324,DSP Small Cap Fund - Regular - Growth,1.52,32.262107528416564,0.9497958246616028,-0.31171900300634214,10.5,50.5,-0.31171900300634214,-0.31171900300634214,-0.051278045623042695,114.5,104.5,14.5,55.800000000000004
149324,DSP Small Cap Fund - Regular - Growth,1.52,32.262107528416564,0.9497958246616028,-0.31171900300634214,10.5,50.5,-0.31171900300634214,-0.31171900300634214,-0.051278045623042695,114.5,104.5,14.5,55.800000000000004
